URL,Funciona
http://www.ddbj.nig.ac.jp,NO
http://www.ncbi.nlm.nih.gov,SI
http://www.ebi.ac.uk,SI
http://bigd.big.ac.cn,SI
http://www.ddbj.nig.ac.jp,SI
http://proteininformationresource.org/iPTMnet,SI
www.ncbi.nlm.nih.gov/genbank/,SI
http://kobic.re.kr/3divv2/,SI
http://combio.snu.ac.kr/aspedia,NO
http://cirgrdb.biols.ac.cn,SI
http://dbcorc.cam-su.org/,SI
http://biocc.hrbmu.edu.cn/DiseaseEnhancer/,SI
http://rna.sysu.edu.cn/dreamBase,SI
http://61.148.58.210:8080/EpiDenovo/,SI
http://www.exoRBase.org,SI
http://zdzlab.einstein.yu.edu/1/hedd.php,SI
http://icg.big.ac.cn,SI
http://itsonedb.cloud.ba.infn.it/,SI
http://www.bio-bigdata.com/Lnc2Meth,SI
http://m6avar.renlab.org/,SI
http://mcube.nju.edu.cn/jwang/lab/soft/mirtrans/,NO
http://medreader.org/,SI
https://mircarta.cs.uni-saarland.de/,SI
https://cm.jefferson.edu/MINTbase/,SI
http://ccg.vital-it.ch/mga/,SI
http://www.bio-bigdata.com/msdd/,SI
http://overgenedb.amu.edu.pl,NO
http://rise.zhanglab.net,SI
http://iimcb.genesilico.pl/RNArchitecture/,SI
http://www.translatomedb.net/,SI
http://appris-tools.org,SI
http://brp.kfshrc.edu.sa/ared,NO
https://www.ncbi.nlm.nih.gov/CCDS/CcdsBrowse.cgi and ftp://ftp.ncbi.nlm.nih.gov/pub/CCDS/,SI
http://dbtss.hgc.jp/,SI
http://www.microrna.gr/tarbase,SI
http://www.ebi.ac.uk/gxa,SI
http://hocomoco.autosome.ru/ and http://www.cbrc.kaust.edu.sa/hocomoco11/,SI
http://jaspar.genereg.net,NO
http://remap.cisreg.eu,SI
http://bioinfo.life.hust.edu.cn/lncRNASNP2,NO
http://compgenomics.utsa.edu/MeTDB/ and http://www.xjtlu.edu.cn/metdb2,SI
http://bigd.big.ac.cn/methbank,SI
http://miRTarBase.mbc.nctu.edu.tw/,SI
http://modomics.genesilico.pl,NO
http://www.noncode.org,SI
http://www.polya-db.org/v3.beta/,SI
http://ncbr.muni.cz/ChannelsDB,SI
http://opig.stats.ox.ac.uk/webapps/stcrdab,SI
http://www.prodoric2.de,SI
http://rna.sysu.edu.cn/rmbase/,SI
http://www.rna-society.org/mndr/,SI
http://amypro.net,SI
http://cefg.uestc.edu.cn/anti-CRISPRdb/,NO
http://rfam.org,SI
http://tfclass.bioinf.med.uni-goettingen.de,SI
http://www.yeastract.com/,SI
http://ophid.utoronto.ca/mirDIP/,SI
http://mirandola.iit.cnr.it/,NO
http://rmdb.stanford.edu,SI
http://combio.snu.ac.kr/aspedia,SI
http://target.sbg.qb.fcen.uba.ar/patho,SI
https://vdjdb.cdr3.net/.,SI
http://elm.eu.org,SI
http://gene3d.biochem.ucl.ac.uk,SI
http://www.gpcrdb.org,SI
http://iuucd.biocuckoo.org/,SI
http://www.dsimb.inserm.fr/KNOTTIN/,NO
http://metalweb.cerm.unifi.it/,SI
http://minimotifminer.org and mnm.engr.uconn.edu,SI
https://mobidb.org,SI
https://omabrowser.org,SI
http://pdbe.org,SI
http://smart.embl.de,SI
http://www.sorfs.org,SI
https://rostlab.org/services/nlsdb/,SI
https://clustercad.jbei.org and http://clustercad.igb.uci.edu,SI
http://cys.bios.niu.edu/dbCAN_seq_V1/,SI
http://netbio.bgu.ac.il/diffnet,SI
http://disnor.uniroma2.it/,SI
http://services.bromberglab.org/fusiondb/,SI
http://research.bioinformatics.udel.edu/iptmnet/,SI
https://jmorp.megabank.tohoku.ac.jp/,NO
http://lincsportal.ccs.miami.edu/dcic-portal/,SI
http://fgrtools.hms.harvard.edu/ProteinSearch/,SI
http://pseudomonas.umaryland.edu,SI
http://iomics.ugent.be/tabloidproteome,SI
http://bioinformatics.psb.ugent.be/triforc/,SI
http://inetmodels.com,SI
http://funcoup.sbc.su.se,SI
http://www.hmdb.ca,SI
http://www.ebi.ac.uk/thornton-srv/m-csa,SI
https://MetaCyc.org,SI
http://wu.scbb.pkusz.edu.cn/wdsp/,SI
http://www.sasbdb.org/,SI
http://ncbr.muni.cz/ValidatorDB,SI
http://www.ebi.ac.uk/merops/,SI
http://moonlightingproteins.org,NO
http://sabiork.h-its.org/,SI
http://wikipathways.org/,SI
http://wallace.uab.es/multitaskII,SI
https://reactome.org,SI
http://discovery.informatics.uab.edu/PAGER/,SI
http://www.cazy.org/PULDB_new/,SI
http://microbiomeDB.org,SI
https://mmp.sfb.uit.no/databases/,NO
http://ictv.global,SI
http://www.aniseed.cnrs.fr,SI
http://www.ebi.ac.uk/metagenomics,SI
http://www.yeastgenome.org,SI
http://subtiwiki.uni-goettingen.de/,SI
http://bioinfo-mml.sjtu.edu.cn/TADB2/,SI
http://www.ensembl.org,SI
https://genome.ucsc.edu,SI
https://ccb-web.cs.uni-saarland.de/imota/,SI
http://pickles.hart-lab.org,SI
http://single-cell.clst.riken.jp/,SI
http://stemmapper.sysbiolab.eu,SI
https://www.encodeproject.org/,SI
http://www.ensemblgenomes.org,SI
http://www.flyatlas2.org,SI
http://genomicus.biologie.ens.fr/genomicus,SI
http://gwips.ucc.ie,SI
http://ibeetle-base.uni-goettingen.de/,SI
http://www.informatics.jax.org,NO
https://phenome.jax.org,SI
https://www.ncbi.nlm.nih.gov/refseq/,SI
http://www.xenbase.org,SI
http://www.wormbase.org,SI
http://research.bioinformatics.udel.edu/iSyTE,SI
http://bioinfo.wilmer.jhu.edu/AAgMarker/index.jsp,SI
http://bioinfo.imtech.res.in/manojk/abiofilm/,SI
https://activedriverdb.org/,SI
http://bioinf.xmu.edu.cn/ADReCS-Target,SI
http://cis.hku.hk/CR2Cancer,SI
http://gb.whu.edu.cn/CSCD,SI
http://www.ecodrug.org,SI
http://www.unimd.org/eram/,SI
http://bigd.big.ac.cn/gvm/,SI
http://www.linkedomics.org,NO
http://tardis.cgu.edu.tw/msignaturedb,SI
http://hcmdb.i-sanger.com/index,NO
http://bioinfo.life.hust.edu.cn/PancanQTL/,SI
http://www.unimd.org/pedam/,SI
https://www.pggpopulation.org,SI
http://pharmacodb.pmgenomics.ca,SI
http://sbcddb.moffitt.org,SI
http://tc3a.org/,SI
http://biocc.hrbmu.edu.cn/SEECancer,SI
http://zhaobioinfo.org/TissGDB,SI
http://varcards.biols.ac.cn/,SI
http://autism.mindspec.org/autdb/Welcome.do,NO
http://bioinformatics.breastcancertissuebank.org/,SI
https://www.ncbi.nlm.nih.gov/clinvar/,SI
http://www.dgidb.org/,SI
https://www.drugbank.ca/,SI
http://genomics.senescence.info/,NO
http://www.guidetopharmacology.org,SI
http://www.pancreasexpression.org,SI
http://rsnp3.psych.ac.cn,SI
http://www.megabionet.org/tcmid/,SI
http://bidd.nus.edu.sg/group/ttd/ttd.asp,SI
https://hive.biochemistry.gwu.edu/biomuta and https://hive.biochemistry.gwu.edu/bioxpress,SI
http://cheminfo.charite.de/superdrug2,SI
http://www.tumorfusions.org,SI
https://aragwas.1001genomes.org,SI
http://systemsbiology.cau.edu.cn/chromstates,SI
http://www.planteome.org,NO
http://www.gramene.org,NO
https://bioinformatics.psb.ugent.be/plaza,SI
http://prgdb.org,SI
https://peptracker.com/epd/,SI
http://staff.washington.edu/jwallace/farme/index.html,SI
http://csdb.glycoscience.ru/plant_fungal/,SI
http://cosylab.iiitd.edu.in/flavordb,SI
http://bidd2.nus.edu.sg/NPASS/,SI
http://pitdb.org,SI
http://biodb.swu.edu.cn/qprimerdb,SI
https://systemhcatlas.org/,SI
http://www.ebi.ac.uk/biomodels,NO
https://europepmc.org,SI
http://bioinformatics.charite.de/mvoc,SI
https://www.ebi.ac.uk/biostudies/,SI
https://www.ProteomicsDB.org,SI
http://senselab.med.yale.edu/ordb/,SI
http://www.ifti.org/ootfd,SI
http://peptaibol.cryst.bbk.ac.uk/,SI
http://elm.eu.org/,SI
http://www0.nih.go.jp/mirror/Kinases/,SI
http://plantpis.ba.itb.cnr.it/,SI
https://proteininformationresource.org/,SI
http://www.mbio.ncsu.edu/RNaseP/home.html,SI
http://www.ncbi.nlm.nih.gov/Complete_Genomes/SignalCensus.html,SI
http://www.jcvi.org/cgi-bin/tigrfams/index.cgi,NO
http://hits.isb-sib.ch/,SI
http://wnt.stanford.edu/,NO
http://www.ncbi.nlm.nih.gov/Structure/cdd/cdd.shtml,NO
http://www.ebi.ac.uk/interpro,NO
http://mobidb.bio.unipd.it/,NO
http://biocomp.chem.uw.edu.pl/protop/,NO
https://proteininformationresource.org/iproclass/,SI
http://www.cbs.dtu.dk/databases/OGLYCBASE/,SI
http://pfam.xfam.org/,SI
http://www.bioinf.man.ac.uk/dbbrowser/PRINTS/,SI
http://prodom.prabi.fr/,SI
http://www.expasy.org/prosite/,NO
http://www.icgeb.org/sbase/,SI
http://smart.embl.de/,NO
http://supfam.mbu.iisc.ernet.in/,SI
http://systers.molgen.mpg.de/,NO
http://www.genome.jp/aaindex/,SI
http://www.gelscape.ualberta.ca:8080/htm/gdbIndex.html,SI
http://www.ebi.ac.uk/integr8/,SI
http://rebase.neb.com/rebase/rebase.html,SI
http://www.expasy.org/ch2d/,SI
http://mitodrome.ba.itb.cnr.it/,NO
http://www.cbil.upenn.edu/cgi-bin/tess/tess,SI
http://ribosome.fandm.edu/,SI
http://biobases.ibch.poznan.pl/5SData/,SI
http://wwwmgs.bionet.nsc.ru/mgs/systems/activity/,SI
http://brp.kfshrc.edu.sa/ARED/,NO
http://pseudobaseplusplus.utep.edu/,SI
http://rdp.cme.msu.edu/,SI
http://wwwmgs.bionet.nsc.ru/mgs/systems/selex/,NO
http://trnadb.bioinf.uni-leipzig.de/,SI
http://utrdb.ba.itb.cnr.it/,SI
http://people.biochem.umass.edu/fournierlab/snornadb/snoRNA_DataBase.html,NO
http://scop.berkeley.edu/,SI
http://www.bmrb.wisc.edu/,SI
http://www.cathdb.info/,SI
http://www.ccdc.cam.ac.uk/solutions/csd-system/components/csd/,SI
http://bioinfo.mbb.yale.edu/MolMovDB/,SI
http://caps.ncbs.res.in/dsdbase/dsdbase.html,SI
http://xray.bmc.uu.se/hicup/,NO
http://www.fli-leibniz.de/IMAGE.html,SI
http://www.ncbi.nlm.nih.gov/Structure/,SI
http://ndbserver.rutgers.edu/,SI
http://pali.mbu.iisc.ernet.in/,SI
http://caps.ncbs.res.in/pass2/,SI
http://www.rcsb.org/,SI
http://www.cbrc.jp/pdbreprdb/,SI
http://www.ebi.ac.uk/pdbsum,SI
https://www.iitm.ac.in/bioinfo/ProTherm2/,SI
http://www.ebi.ac.uk/RESID/,NO
http://scop.mrc-lmb.cam.ac.uk/scop,SI
http://supfam.org/SUPERFAMILY/,SI
http://www.mshri.on.ca/nagy/,NO
http://www.lbgi.fr/balibase/,SI
http://www.unicarbkb.org/,SI
http://www.iephb.nw.ru/labs/lab38/spirov/hox_pro/hox-pro00.html,SI
http://www.otago.ac.nz/IGC/,SI
http://bioinformatics.hsanmartino.it/mpdb/,SI
http://www.ncbi.nlm.nih.gov/Taxonomy/taxonomyhome.html,SI
http://www.ncbi.nlm.nih.gov/pubmed/,NO
http://www.ridom.de/,NO
http://www.glycosciences.de/database/,SI
http://tolweb.org/tree/phylogeny.html,SI
http://downloads.yeastgenome.org/unpublished_data/vectordb/,SI
http://viroligo.okstate.edu/,SI
http://worfdb.dfci.harvard.edu/,SI
http://www-deletion.stanford.edu/YDPM/YDPM_index.html,SI
http://www.transcriptome.ens.fr/ymgv/,NO
http://wwwmgs.bionet.nsc.ru/mgs/gnw/aspd/,NO
http://smartdb.bioinf.med.uni-goettingen.de/,SI
http://www.membranetransport.org/,SI
ftp://ftp.isrec.isb-sib.ch/pub/databases/,SI
http://tropgenedb.cirad.fr/,NO
http://ibb.uab.es/trsdb/,SI
http://bidd.nus.edu.sg/group/cjttd/,SI
http://genome.ucsc.edu/,SI
http://140.138.144.145/~dbSNO/index.php,SI
https://proteomescout.wustl.edu/,SI
http://www.depod.org,SI
http://www.uniprot.org/,SI
http://www.ncbi.nlm.nih.gov/probe,NO
http://www.ncbi.nlm.nih.gov/VecScreen/UniVec.html,SI
http://spock.genes.nig.ac.jp/~genome/gtop.html,NO
http://howdy.biosciencedbc.jp/HOWDY/top_en.pl,SI
http://genecards.weizmann.ac.il/genenote/,SI
http://genecards.weizmann.ac.il/geneannot/,SI
http://genenest.molgen.mpg.de/,NO
http://www.genedb.org/,SI
http://wwwmgs.bionet.nsc.ru/mgs/gnw/genenet/,SI
http://www.genepaint.org/Frameset.html,SI
http://salilab.org/modbase/,SI
http://corg.molgen.mpg.de/,SI
https://www.ebi.ac.uk/biostudies,SI
http://dunbrack2.fccc.edu/PyIgClassify/default.aspx,SI
http://www.ebi.ac.uk/intact/complex,SI
http://comppi.linkgroup.hu,SI
http://mepd.cos.uni-heidelberg.de/mepd/,SI
http://www.gene-regulation.com/,SI
http://www.gene-regulation.com/pub/databases.html#transpath,SI
https://compbio.soe.ucsc.edu/yeast_introns.html,SI
http://hapmap.ncbi.nlm.nih.gov/,SI
http://www.gene-regulation.com/pub/databases.html#transcompel,SI
http://genecards.weizmann.ac.il/geneloc/,SI
http://www.genecards.org/,SI
http://www.genoplante.com/,SI
http://genomes.urv.es/HGT-DB/,SI
http://pedant.gsf.de/,SI
http://www.plantgdb.org/,SI
http://www.yeastgenome.org/,SI
http://source-search.princeton.edu/,SI
http://ToxoDB.org/,SI
http://hetpdbnavi.nagahama-i-bio.ac.jp/,SI
http://p53.iarc.fr/,NO
http://hivdb.stanford.edu/,SI
http://bioportal.weizmann.ac.il/HORDE/,SI
http://www.ebi.ac.uk/ipd/,SI
http://genome.bioch.virginia.edu/trfdb/,SI
http://proline.biochem.iisc.ernet.in/NRICHD/,SI
http://www.led.uni-stuttgart.de/,SI
http://npd.hgu.mrc.ac.uk/,SI
http://fermi.utmb.edu/SDAP/,SI
http://sevens.cbrc.jp/,NO
http://bioinformatica.isa.cnr.it/ASC/,SI
http://www.cbs.dtu.dk/databases/NESbase/,NO
http://rostlab.org/services/nlsdb/,SI
http://www.fp.ucalgary.ca/group2introns/,SI
http://biobases.ibch.poznan.pl/ncRNA/,SI
http://rfam.xfam.org/,SI
http://mvp.medgenius.info,SI
http://cluster.physics.iisc.ernet.in/cadb/,SI
http://compbio.buffalo.edu/dd//,SI
http://projects.villa-bosch.de/dbase/dsmm/,SI
http://www.ebi.ac.uk/GOA,SI
http://lncrna.big.ac.cn,SI
http://www.microbial-ecology.net/probebase/,SI
http://www.ncbi.nlm.nih.gov/RefSeq/,SI
http://www.pharmgkb.org/,SI
http://www.plantgdb.org/AtGDB/,SI
http://bibiserv.techfak.uni-bielefeld.de/stcdb/,SI
http://eugenes.org/,SI
http://vkcdb.biology.ualberta.ca/,SI
http://aclame.ulb.ac.be/,NO
http://aps.unmc.edu/AP/main.php,NO
http://www.cbil.upenn.edu/apidots/,SI
http://appadb.eb.tuebingen.mpg.de,SI
http://aramemnon.botanik.uni-koeln.de/,SI
http://sbi.imim.es/archdb/,NO
https://asap.ahabs.wisc.edu/annotation/php/ASAP1.htm,SI
http://cgap.nci.nih.gov/Pathways/BioCarta_Pathways,SI
http://biocyc.org/,SI
http://www.brenda-enzymes.org/,SI
http://rnacentral.org/,SI
http://bioinfo.life.hust.edu.cn/lncRNASNP/,SI
http://bacillus.genome.jp/,SI
http://www.cadre-genomes.org.uk,SI
http://www.catma.org/,SI
http://redpoll.pharmacy.ualberta.ca/CCDB/,SI
http://www.glycome-db.org/getDownloadPage.action?page=carbbank,NO
http://cleanex.vital-it.ch/,SI
http://xbase.warwick.ac.uk/colibase/,SI
http://genolist.pasteur.fr/Colibri/,SI
http://www.flymine.org/come/,NO
http://cryptodb.org/,SI
http://www.ebi.ac.uk/thornton-srv/databases/CSA/,SI
http://ekhidna.biocenter.helsinki.fi/dali/start/,SI
http://bidd.nus.edu.sg/group/drt/dart.asp,SI
http://www.essentialgene.org,SI
http://dictybase.org/,NO
http://www.dabi.temple.edu/disprot/,SI
http://www.domins.org/,NO
http://www.ebi.ac.uk/genomes/,SI
http://www.ebi.ac.uk/pdbe/,SI
http://www.ncbi.nlm.nih.gov/sites/entrez?db=genome,SI
http://www.chem.qmul.ac.uk/iubmb/enzyme/,SI
http://www.genome.wisc.edu/resources/essential.htm,NO
http://www.psb.ugent.be/rRNA/,SI
http://eyesite.cryst.bbk.ac.uk/,SI
http://fantom.gsc.riken.jp/,NO
http://flytrap.med.yale.edu/,NO
http://www.fruitfly.org/,SI
http://gene3d.biochem.ucl.ac.uk/Gene3D/,SI
http://ghr.nlm.nih.gov/,SI
http://www.ncbi.nlm.nih.gov/Taxonomy/Utils/wprintgc.cgi,SI
http://www.cmhd.ca/genetrap/,SI
http://www.germonline.org/,SI
http://www.genome.jp/kegg/glycan/,SI
http://www.geneontology.org,SI
http://wheat.pw.usda.gov/,SI
http://gene3d.biochem.ucl.ac.uk/Gene3D/,SI
http://gtrnadb.ucsc.edu/,SI
http://globin.bx.psu.edu/hbvar/,SI
http://hcv.lanl.gov/,SI
http://hembase.niddk.nih.gov/,SI
http://herv.img.cas.cz/,SI
http://www.hgvs.org/,SI
http://www.hiv.lanl.gov/content/sequence/RESDB/,SI
http://mizuguchilab.org/homstrad/,SI
http://receptome.stanford.edu/,SI
http://www.hprd.org/,NO
http://research.nhgri.nih.gov/scid/,SI
http://www.imgt.org/,SI
http://www.imgt.org/IMGT_GENE-DB/GENElect?livret=0/,SI
http://www.imgt.org/,SI
http://fmf.igh.cnrs.fr/infevers/,SI
http://www.ebi.ac.uk/intact/,SI
http://www.ebi.ac.uk/intenz/,SI
http://www.sdbonline.org/fly/aimain/1aahome.htm,SI
http://www.chem.qmul.ac.uk/iubmb/,SI
http://www.chem.qmul.ac.uk/iupac/,SI
http://jaspar.genereg.net,SI
http://knottin.cbs.cnrs.fr/,SI
http://www.dkfz.de/gpcf/lifedb.php,SI
http://research.nhgri.nih.gov/lowe/,SI
http://www.glycosciences.de/spec/lox-db/,SI
http://www.broadinstitute.org/annotation/fungi/magnaporthe/,SI
http://mips.helmholtz-muenchen.de/plant/athal/,SI
http://mbgd.genome.ad.jp/,SI
http://www.mirbase.org/,SI
http://caps.ncbs.res.in/SSTOSS/index.htm,SI
http://www.mitoproteome.org/,SI
http://services.cbib.u-bordeaux.fr/molligen/,SI
http://mips.gsf.de/proj/plant/jsf/rice/index.jsp,NO
http://www.plantenergy.uwa.edu.au/applications/mpimp/index.html,SI
http://affymetrix.arabidopsis.info/,SI
http://www.ncbi.nlm.nih.gov/protein,SI
http://www.helminth.net,NO
http://www.nematodes.org/,NO
http://www.affymetrix.com/analysis/index.affx/analysis/index.affxanalysis/index.affx,NO
http://www.receptors.org/NR/index.html,SI
http://orf.invitrogen.com/,SI
http://www.pantherdb.org/,SI
http://www.pathbase.net/,NO
http://shigen.lab.nig.ac.jp/ecoli/pec/,SI
http://pede.dna.affrc.go.jp/,SI
http://www.urogene.org/pgdb/,SI
http://urgi.versailles.inra.fr/phytoprot/,SI
http://pir.georgetown.edu/pirsf/,SI
http://linux1.softberry.com/berry.phtml?topic=plantprom&group=data&subgroup=plantprom,SI
http://bioinf.scri.sari.ac.uk/cgi-bin/plant_snorna/home,SI
http://www.prf.or.jp/,SI
http://prodoric.tu-bs.de/,SI
http://www.protonet.cs.huji.ac.il/,SI
http://www.rnai.org/,SI
http://ribosome.med.miyazaki-u.ac.jp/,SI
http://yeast.gi.k.u-tokyo.ac.jp/,NO
http://rulai.cshl.edu/SCPD/,SI
http://www.seedgenes.org/,SI
http://snp500cancer.nci.nih.gov/,SI
http://splicenest.molgen.mpg.de/,SI
https://string-db.org/.,NO
http://ssd.rbvi.ucsf.edu/,SI
http://swissmodel.expasy.org/repository/,SI
http://tcruzidb.org/,NO
http://pranag.physics.iisc.ernet.in/thgs/,SI
http://plantrepeats.plantbiology.msu.edu/index.html,SI
http://gila.bioe.uic.edu/snp/toposnp/,SI
http://dbtss.hgc.jp/,SI
http://www.ncbi.nlm.nih.gov/sky/,SI
http://www.carpedb.ua.edu/,SI
http://www.chr7.org/,SI
http://www.barleybase.org/,SI
http://mgc.nci.nih.gov/,NO
http://www.ncbi.nlm.nih.gov/genomes/ORGANELLES/organelles.html,NO
http://www.ncbi.nlm.nih.gov/genomes/VIRUSES/viruses.html,SI
http://www.ncbi.nlm.nih.gov/geo/,SI
http://www.ncbi.nlm.nih.gov/gv/mhc/,SI
http://www.ncbi.nlm.nih.gov/entrez/query.fcgi?db=homologene,SI
http://www.mpiib-berlin.mpg.de/2D-PAGE/,NO
http://www.gramene.org/,SI
http://www.ebi.ac.uk/goldman-srv/pandit/,SI
http://www.brassicagenome.net/,SI
http://www.cbs.dtu.dk/services/GenomeAtlas/,SI
http://www.reactome.org/,NO
http://ezcatdb.cbrc.jp/EzCatDB/,NO
http://exac.broadinstitute.org/,NO
http://mirdb.org,NO
http://www.idrtech.com/PDB-Ligand/,NO
http://genolist.pasteur.fr/CandidaDB/,NO
http://arabidopsis.med.ohio-state.edu/,NO
http://pdbtm.enzim.hu/,NO
http://www.gabipd.org/projects/Pomamo/,SI
http://www.vbase2.org/,SI
http://ekhidna.biocenter.helsinki.fi/sqgraph/pairsdb/,SI
https://apex.ipk-gatersleben.de/apex/f?p=116:1,SI
http://snpeffect.switchlab.org,SI
http://urgi.versailles.inra.fr/OryzaTagLine/,SI
http://edas2.bioinf.fbb.msu.ru/,SI
https://www.immunobase.org/,SI
http://3did.irbbarcelona.org/,SI
http://agd.vital-it.ch/,SI
http://www.plantenergy.uwa.edu.au/applications/ampdb/index.html,SI
http://bioinf.scri.sari.ac.uk/cgi-bin/atnopdb/proteome_comparison/,SI
http://asrp.cgrb.oregonstate.edu/,SI
http://wishart.biology.ualberta.ca/BacMap/,NO
http://www.imtech.res.in/raghava/bcipep/,SI
http://www.beetlebase.org,SI
http://biosilico.kaist.ac.kr/,SI
http://www.candidagenome.org/,SI
http://www.ebi.ac.uk/chebi/,SI
http://chicken.genomics.org.cn/,SI
http://oxytricha.princeton.edu/dimorphism/database.htm,SI
http://cancer.sanger.ac.uk/cancergenome/projects/cosmic/,NO
http://www.glycosciences.de/tools/,SI
http://bioinformatics.biol.uoa.gr/cuticleDB/,SI
http://www.goldenhelix.org/cypriot/,SI
http://datf.cbi.pku.edu.cn/,SI
http://globin.bx.psu.edu/dberge/,NO
http://dgcst.ceinge.unina.it/,SI
http://www.biologie.ens.fr/diatomics/EST/,SI
http://dpi.nhri.org.tw/hp/,SI
http://motif.stanford.edu/distributions/eblocks/,SI
http://genome.ewha.ac.kr/ECgene/,SI
http://www.ncbi.nlm.nih.gov/entrez/query.fcgi?db=gene,SI
http://www.flymine.org/,SI
http://www.gabipd.org/,NO
http://caps.ncbs.res.in/gendis/home.html,SI
http://www.ebi.ac.uk/GenomeReviews/,SI
http://bioinformatics.biol.uoa.gr/gpDB/,SI
http://genomics.senescence.info/,SI
http://www.imtech.res.in/raghava/haptendb/,SI
http://trbase.ex.ac.uk/,SI
http://www.h-invitational.jp/,SI
http://bioinfo.nist.gov/hmpd/,SI
http://pbil.univ-lyon1.fr/databases/hoppsigen.html,NO
http://wilab.inha.ac.kr/hpid//,SI
http://inparanoid.sbc.su.se/,SI
http://www.ebi.ac.uk/ipd/mhc/,SI
http://www.ebi.ac.uk/ipd/estdab/,SI
http://www.ebi.ac.uk/ipd/hpa/,SI
http://www.ebi.ac.uk/ipd/kir/,SI
http://www.ebi.ac.uk/IPI,SI
http://line1.molgen.mpg.de/,SI
http://www.earthworms.org/,SI
http://mamep.molgen.mpg.de/,SI
http://genome.ufl.edu/mapperdb/,SI
http://www.imtech.res.in/raghava/mhcbn/,SI
https://www.rostlab.org/services/NMPdb/,SI
http://v6.noncode.org/,SI
http://www.lamondlab.com/NOPdb/,SI
http://srs6.bionet.nsc.ru/srs6/,SI
http://www.oncomine.org/,SI
http://bioinformatics.icmb.utexas.edu/OPD/,SI
http://www.ncbi.nlm.nih.gov/SAGE/,SI
http://organelledb.lsi.umich.edu/,SI
http://webdocs.cs.ualberta.ca/~bioinfo/PA/,SI
http://www.partigenedb.org/,SI
http://srs6.bionet.nsc.ru/srs6bin/cgi-bin/wgetz?-page+LibInfo+-newId+-lib+PDBSite,NO
http://icb.med.cornell.edu/services/pdz/start,SI
http://www.plprot.ethz.ch/,NO
http://exon.apps.wistar.org/PolyA_DB/v3,SI
http://prophecy.lundberg.gu.se/,NO
http://www.wzw.tum.de/proteomik/lactis/,SI
http://www.proteus.cs.huji.ac.il/,SI
http://www.pseudomonas.com/,SI
http://db.psort.org/,SI
http://pubchem.ncbi.nlm.nih.gov/,SI
http://rarge.psc.riken.jp/,SI
http://app.mc.uky.edu/kolab/rogedendo.aspx,SI
http://www.cdfd.org.in/SILKSAT/index.php,SI
http://spliceinfo.mbc.nctu.edu.tw/,SI
http://bioweb.ensam.inra.fr/spodobase/,SI
http://home.ku.edu.tr/~okeskin/INTERFACE/INTERFACES.html,SI
http://projects.tcag.ca/autism/,SI
http://projects.tcag.ca/lafora/,SI
http://library.med.utah.edu/SSUmods/,SI
http://tpmd.nhri.org.tw/,SI
http://www.tractor.lncc.br/,SI
http://rulai.cshl.edu/tred/,SI
http://www.mgc.ac.cn/VFs/,SI
http://viperdb.scripps.edu/,SI
http://www.yeastrc.org/pdr/,SI
http://targetdb.pdb.org/,SI
http://www.athamap.de/,SI
https://www.niaid.nih.gov/diseases-conditions/autoimmune-lymphoproliferative-syndrome-alps,SI
http://icbs.ics.uci.edu/,SI
http://xpdb.nist.gov/enzyme_thermodynamics/,SI
http://dpdb.uab.es/,SI
http://www.uniprot.org/uniparc/,SI
http://www.uniprot.org/uniref/,SI
http://www.nenno.it/karyotypedb/,NO
http://www.iedb.org/,SI
http://www.cbioportal.org/public-portal/,NO
http://pford.info/refolddb/?lang=EN,NO
http://vega.sanger.ac.uk/,SI
http://sms.cbi.cnptia.embrapa.br/SMS/STINGm/SMSReport/,SI
http://www.alzgene.org/,SI
http://www.nursa.org/,SI
http://www.tcdb.org/,SI
http://wolfe.gen.tcd.ie/ygob/,SI
http://www.yeastract.com/,NO
http://www.cags.org.ae/,SI
http://cyclonet.biouml.org/,SI
http://genome.crg.es/datasets/abs2005/,SI
http://pc1664.pharmazie.uni-marburg.de/affinity/,SI
http://www.biovirus.org/,SI
http://www.ddg-pharmfac.net/antijen/AntiJen/antijenhomepage.htm,SI
http://www.thebiogrid.org,NO
http://www.ebi.ac.uk/biomodels/,NO
http://fantom31p.gsc.riken.jp/cage/mm5/,SI
http://genome.ewha.ac.kr/ChimerDB/,SI
http://chloroplast.cbio.psu.edu/,SI
http://www.cisred.org/,SI
http://www.cybase.org.au/,NO
http://www.transcriptionfactor.org/,SI
http://dbtgr.hgc.jp/,NO
http://www.dpvweb.net/,NO
http://www.drugbank.ca/,NO
http://www.emouseatlas.org/emage/,NO
http://rostlab.org/services/epitome/,SI
http://erop.inbi.ras.ru/,SI
http://bioinformatik.wzw.tum.de/index.php?id=63&L=1,NO
http://flyRNAi.org/,SI
http://pharminfo.pharm.kyoto-u.ac.jp/services/glida/,SI
http://bioinformatics.ramapo.edu/GRSDB2/,SI
http://hollywood.mit.edu/,SI
http://www.bioinfo.org.cn/hptaa/,SI
http://ccg.vital-it.ch/htpselex/,SI
http://www.genpat.uu.se/mtDB/,NO
http://www.genetrap.org/,SI
http://img.jgi.doe.gov/,NO
http://caps.ncbs.res.in/imotdb/,NO
http://pbil.univ-lyon1.fr/databases/hoinvgen/HOINVGEN.html,SI
http://www.iresite.org/,SI
http://www-is.biotoul.fr/,SI
http://bioinfo.curie.fr/ittaca/,SI
http://leger2.gbf.de/cgi-bin/expLeger.pl,SI
http://www.lipidmaps.org/data/proteome/index.cgi,SI
http://locate.imb.uq.edu.au/,SI
http://mips.gsf.de/genre/proj/mfungd/,NO
http://genesilico.pl/modomics/,SI
http://mulpssm.mbu.iisc.ernet.in/,SI
http://www.bioinfo.org.cn/NPInter/,SI
http://operondb.jp/,SI
http://orygenesdb.cirad.fr/,SI
http://www.panzea.org/,SI
http://www.peptideatlas.org/,SI
http://www.phi-base.org/,SI
http://www.bioinfodatabase.com/pint/,SI
http://www.ddg-pharmfac.net/ppd/PPD/pKahomepage.htm,SI
http://www.ebi.ac.uk/pride/archive/,SI
http://pmrc.med.mssm.edu:9090/QTL/jsp/qtlhome.jsp,SI
http://rapdb.dna.affrc.go.jp/,SI
http://rmd.ncpgr.cn/,SI
http://codex.cshl.org/,NO
http://www.mgc.ac.cn/ShiBASE/,SI
http://mips.gsf.de/simap/,NO
http://www-snorna.biotoul.fr/,NO
http://stellabase.org/,SI
http://ted.bti.cornell.edu/,NO
http://www.ciliate.org/,SI
http://maize.tigr.org/,NO
http://www.treefam.org/,SI
http://archaea.ucsc.edu/,NO
http://greengenes.lbl.gov/,SI
http://www.unil.ch/comparativegenometrics/,SI
http://dbptm.mbc.nctu.edu.tw/,SI
http://dbRIP.brocku.ca/,SI
http://www.drastic.org.uk/,SI
http://endonet.bioinf.med.uni-goettingen.de/,NO
http://gpxmea.gti.ed.ac.uk/,NO
http://www.ddg-pharmfac.net/dsd/DSD/dehydrog.htm,SI
http://www.ebi.ac.uk/thornton-srv/databases/MACiE/,SI
http://www.mammibase.lncc.br/,NO
http://mirnamap.mbc.nctu.edu.tw/,SI
http://www.USherbrooke.ca/vers/MtbRegList/,NO
http://ophid.utoronto.ca/i2d/,SI
http://pathguide.org/,SI
http://www.expasy.org/tools/scanprosite/,NO
http://www.rnasoft.ca/sstrand/,SI
http://rnrdb.molbio.su.se/,SI
http://bioinf.charite.de/superdrug/,SI
http://bioinformatics.charite.de/supernatural,SI
http://tiprod.bioinf.med.uni-goettingen.de/,SI
http://www.treebase.org/,SI
http://www.liuweibo.com/sarsdb/,SI
https://www.ncbi.nlm.nih.gov/genome/viruses/,SI
http://euL1db.unice.fr,SI
http://rohsdb.cmb.usc.edu/GBshape/,SI
http://www.ncbi.nlm.nih.gov/CCDS/,SI
http://tbestdb.bcm.umontreal.ca/searches/welcome.php,SI
http://www.era7.com/ExtraTrain/,SI
http://pir.georgetown.edu/iprolink/,SI
http://pir.georgetown.edu/iprolink/biothesaurus/,SI
http://www.ncbi.nlm.nih.gov/entrez/query.fcgi?CMD=search&DB=genomeprj,SI
http://paramecium.cgm.cnrs-gif.fr/db/index,SI
http://www.gensat.org/,SI
http://soybase.org/,SI
http://www.binfo.ncku.edu.tw/TAG/GeneDoc.php,SI
http://www.cpndb.ca,SI
http://insects.eugenes.org/DroSpeGe/,SI
http://wfleabase.org/,NO
http://www.plantontology.org/,SI
http://www.tassdb.info/,SI
http://www.droidb.org/,SI
http://www.umbc.edu/codon/sgdb/index.php,SI
http://gpcr.biocomp.unibo.it/esldb/,SI
http://www.oridb.org/,SI
http://www.cdfd.org.in/insatdb/,SI
http://atted.jp/,SI
http://www.GABI-Kat.de/,SI
http://pig.genomics.org.cn/,SI
http://genome.crg.es/cgi-bin/u12db/u12db.cgi,SI
http://plantta.tigr.org/,SI
http://www.paidb.re.kr/about_paidb.php,SI
http://defensins.bii.a-star.edu.sg/,SI
http://regtransbase.lbl.gov/,SI
http://pogs.uoregon.edu/,SI
http://www.mapuproteome.com/,SI
http://cbio.mskcc.org/cancergenes/,SI
http://mampol.uab.es/,SI
http://www.systomonas.de/,SI
http://www.zbi.ee/fungal-genomesize/,NO
https://cvalues.science.kew.org,SI
http://www.genomesize.com/,SI
http://compbio.uthsc.edu/,SI
http://www.unihi.org/,SI
http://www.wormbook.org/,SI
http://gene.fudan.edu.cn/snoRNAbase.nsf,SI
http://www.everest.cs.huji.ac.il/,SI
http://bioinformatics.charite.de/superhapten/,SI
http://enhancer.lbl.gov/,SI
http://eupathdb.org/eupathdb/,NO
http://polydoms.cchmc.org/,SI
http://www.agbase.msstate.edu/,SI
http://www.animalgenome.org/QTLdb/,SI
http://csdb.glycoscience.ru/bacterial/,NO
http://www.bindingdb.org/,NO
http://www.cellcircuits.org/,NO
http://phylogenomics.berkeley.edu/,NO
http://sundarlab.ucdavis.edu/smrnas/,SI
http://comparasite.hgc.jp/,SI
http://genome.ucsc.edu/ENCODE,SI
http://firedb.bioinfo.cnio.es/,SI
http://www.glycosciences.de/modeling/glycomapsdb/,SI
http://www.hmdb.ca/,SI
http://www.hsls.pitt.edu/guides/genetics/obrc/,SI
http://influenza.psych.ac.cn/,SI
http://phenome.jax.org/,SI
http://natsdb.cbi.pku.edu.cn/,SI
http://www.orenza.u-psud.fr/,SI
http://www.pathoplant.de/,SI
http://www.patricbrc.org//,SI
http://www.peroxisomedb.org/,SI
http://www.biocomputing.it/phospho3d/,NO
http://genomequebec.mcgill.ca/PReMod/,NO
http://www.pristionchus.org/,NO
http://www.pseudogene.org/,SI
http://sisyphus.mrc-cpe.cam.ac.uk/,SI
http://www.compbio.dundee.ac.uk/SNAPPI/downloads.jsp,SI
http://www3.imperial.ac.uk/theoreticalgenomics/data-software/,SI
http://suba.plantenergy.uwa.edu.au/,SI
http://www.swissregulon.unibas.ch/,SI
http://biosrv.cab.unina.it/tomatestdb/,SI
http://mgan.geni-act.org/â€‹,NO
http://www.findbase.org/,SI
http://www.interfil.org/,SI
http://microkit.biocuckoo.org,NO
http://www.imgt.org,SI
http://cdb.ics.uci.edu/,SI
http://chembank.broadinstitute.org/,SI
http://neibank.nei.nih.gov/,SI
http://oncodb.hcc.ibms.sinica.edu.tw/,SI
http://www.ncrna.org/,SI
http://plasmid.hms.harvard.edu/,SI
http://mips.gsf.de/proj/plant/jsf/,SI
http://www.vectorbase.org,NO
http://mint.bio.uniroma2.it/mint/,SI
http://mint.bio.uniroma2.it/domino/,SI
http://euhcvdb.ibcp.fr/,SI
http://tandem.bu.edu/cgi-bin/trdb/trdb.exe,SI
http://genometrafac.cchmc.org/,SI
http://vita.mbc.nctu.edu.tw/,SI
http://people.biochem.umass.edu/fournierlab/3dmodmap/,SI
http://gemdock.life.nctu.edu.tw/3D-Interologs/,NO
http://4dx.embl.de/4DXpress/,SI
http://www.cienciavida.cl/alterorf/,SI
http://protchem.hunnu.edu.cn/toxin/,SI
http://services.bio.ifi.lmu.de:1046/AutoPSIDB/,SI
http://www.bacteriome.org/,SI
http://bindingmoad.org,NO
http://www.viprbrc.org,SI
http://urgv.evry.inra.fr/GEM2NET,NO
http://cebs.niehs.nih.gov/,SI
http://cfgp.riceblast.snu.ac.kr/,SI
http://www.chromdb.org/,SI
https://bioinformatics.cs.vt.edu/cmgs/CMGSDB/,SI
http://mips.gsf.de/genre/proj/corum/,NO
http://coxpresdb.jp/,SI
http://insulatordb.uthsc.edu/,SI
http://www.cyclebase.org,SI
http://webclu.bio.wzw.tum.de/dima/,SI
http://eggnog.embl.de/,SI
https://www.mousephenotype.org/,SI
http://flysnp.imp.ac.at/,SI
http://funsimmat.bioinf.mpi-inf.mpg.de/,SI
http://birdbase.net/,SI
http://genolist.pasteur.fr/,SI
http://www.rosaceae.org,SI
http://www.rna.whu.edu.cn/gissd/,SI
http://www.glycostructures.jp/,NO
https://v5.greenphyl.org,SI
http://gydb.org/,NO
http://genomes.urv.cat/HEG-DB/,SI
http://hemeprotein.info/heme.php,NO
http://prism.ccbb.ku.edu.tr/hotsprint/,NO
https://img.jgi.doe.gov/m/,SI
http://its2.bioapps.biozentrum.uni-wuerzburg.de/cgi-bin/index.pl?about,NO
http://ligasite.org/,SI
http://m3d.bu.edu/,SI
http://prodata.swmed.edu/malisam/,SI
http://caps.ncbs.res.in/MegaMotifbase/index.html,NO
http://metacrop.ipk-gatersleben.de/,SI
http://methycancer.psych.ac.cn/,SI
http://www.microrna.org/,SI
http://genome.ewha.ac.kr/miRGator/miRGator.html,SI
http://breakpointmapper.wi.mit.edu/,SI
http://www.mugen-noe.org/database/,SI
http://mutdb.org/,SI
http://narcisse.toulouse.inra.fr/,SI
http://networkin.info/,SI
http://bioinfo.lifl.fr/norine/,SI
http://genserv.anat.ox.ac.uk/,NO
http://www.oreganno.org/,SI
http://orthodb.org,NO
http://idm.fudan.edu.cn/PBmice/,SI
http://phosphat.mpimp-golm.mpg.de/,NO
http://www.phylomedb.org,SI
http://pirnabank.ibab.ac.in/,NO
http://podb.nibb.ac.jp/Organellome/,SI
http://dayhoff.generationcp.org/,SI
http://fgp.huck.psu.edu/tribedb/index.pl,SI
http://ppdb.agr.gifu-u.ac.jp,SI
http://www.pptdb.ca/,NO
http://www.ebi.ac.uk/thornton-srv/databases/procognate/index.html,NO
http://services.bio.ifi.lmu.de/ProSAS/,SI
http://protozoadb.biowebdb.org/,SI
http://q4md-forcefieldtools.org/REDDB/,SI
http://redfly.ccr.buffalo.edu/,SI
http://rnafrabase.ibch.poznan.pl/,SI
http://rnajunction.abcc.ncifcrf.gov/,SI
http://www.selenodb.org/,SI
http://rapeseed.plantsignal.cn/,SI
http://smedgd.neuro.utah.edu/,SI
http://stitch.embl.de,NO
http://mlstoslo.uio.no/,NO
http://insilico.charite.de/supertarget/,NO
http://telomerase.asu.edu/,SI
http://www.itb.cnr.it/cellcycle/,SI
https://tma.im/cgi-bin/home.pl,NO
http://topdb.enzim.hu,SI
http://www.signaling-gateway.org/molecule/,SI
http://ipu.ac.in/usbt/UgMicroSatdb.htm,SI
http://medaka.utgenome.org/,SI
http://www.utrome.org/,SI
http://www.violinet.org,SI
http://alk.ibms.sinica.edu.tw/,SI
http://www.xenbase.org,SI
http://bioinfo-pharma.u-strasbg.fr/scPDB/,SI
http://www.aphidbase.com/,SI
http://www.buchnera.org/,SI
http://www.jncasr.ac.in/cremofac/,SI
http://dockground.bioinformatics.ku.edu/,NO
http://drtf.cbi.pku.edu.cn/,SI
http://ecrbase.dcode.org/,SI
http://www.sebida.de/,NO
http://www.ebi.ac.uk/uniprot/unisave/,SI
http://bactibase.pfba-lab-tun.org/main.php,SI
http://coryneregnet.cebitec.uni-bielefeld.de/v6/,SI
http://www.cymobase.org/,SI
http://www.dbali.org/,SI
http://www.diark.org/diark/,SI
http://geisha.arizona.edu/,SI
http://www.hmtdb.uniba.it/,SI
http://www.imtech.res.in/raghava/prrdb/,SI
http://www.math.iastate.edu/prtad/,NO
http://tdrtargets.org/,NO
http://cipro.ibio.jp/2.5,SI
http://nava.liacs.nl/,SI
http://mmcd.nmrfam.wisc.edu/,NO
http://www.StrainInfo.net/,SI
http://www.arb-silva.de/,SI
http://www.rhesusbase.org/drugDisc/CAM.jsp,SI
http://degradome.uniovi.es/,NO
http://ctdbase.org/,NO
http://www.enzyme-database.org/,SI
http://diprodb.fli-leibniz.de/,SI
http://bioinformatics.charite.de/jail/,SI
http://lifesciencedb.jp/bp3d/?lng=en,SI
http://bioinformatics.charite.de/supersite/,SI
http://giardiadb.org/,SI
http://rice.kps.ku.ac.th/,SI
http://germsage.nichd.nih.gov/,SI
http://www.cmbi.ru.nl/phylopat/,SI
http://cleanest.kobic.re.kr/,SI
http://autosnpdb.appliedbioinformatics.com.au/,SI
http://ppdb.tc.cornell.edu/,SI
http://phytamp.pfba-lab-tun.org,SI
http://ardb.cbcb.umd.edu/,SI
http://pisite.hgc.jp/,SI
http://uniprobe.org,NO
http://www.expasy.org/sprot/hamap/,SI
http://www.cazy.org,SI
http://www.cta.lncc.br/,SI
http://oger.tu-bs.de/strepto_db/,SI
http://coiledcoils.chm.bris.ac.uk/ccplus/search/,SI
http://sarst.life.nthu.edu.tw/cpdb/,NO
http://peroxibase.toulouse.inra.fr/index.php,SI
http://SchistoDB.net/,SI
http://web16.kazusa.or.jp/rapid/,SI
http://dmk-brain.ecn.uiowa.edu/ATGC/,SI
http://trna.nagahama-i-bio.ac.jp/,NO
http://machibase.gi.k.u-tokyo.ac.jp/,SI
http://bioinformatics.charite.de/superscent/,SI
http://cpdb.molgen.mpg.de/,SI
http://www.genes2cognition.org/,SI
http://www.humanproteinpedia.org/,SI
http://ucbase.unimore.it/,SI
http://bioinformatics.engineering.asu.edu/springs/Sprouts/index.html,SI
http://cegg.unige.ch/mirortho/,SI
http://www.ncbi.nlm.nih.gov/RefSeq/HIVInteractions,SI
http://www.mir2disease.org/,SI
http://www.dnareplication.net/,NO
http://mms.dsfarm.unipd.it/MMsINC/,SI
http://bioinformatics.hsanmartino.it/hypercldb/,SI
http://www.interferome.org/,SI
http://www.p3db.org,NO
http://www.ncbi.nlm.nih.gov/sites/entrez?db=proteinclusters,SI
http://160.80.34.9/mentha/virusmentha/,SI
http://pseudofam.gersteinlab.org/,SI
http://bioinfo3d.cs.tau.ac.il/RsiteDB/,NO
http://bioinformatics.charite.de/voronoia/,SI
http://kb.psi-structuralgenomics.org/,SI
http://virhostnet.prabi.fr,NO
http://h-invitational.jp/varygene/,NO
http://microrna.gr/tarbase,SI
http://neobio.cs.pusan.ac.kr/evog/,SI
https://bioinfo.uth.edu/ERGR//,SI
http://consurfdb.tau.ac.il/,SI
http://www.bioinformatics.leeds.ac.uk/metatiger/,SI
http://strubiol.icr.ac.uk/extra/mokca/,SI
http://www.compbio.dundee.ac.uk/kinomer/,NO
http://autism.mindspec.org/autdb/Welcome.do,SI
http://bioinformatics.charite.de/supertoxic/,SI
http://c1.accurascience.com/miRecords/,SI
http://srnamap.mbc.nctu.edu.tw/,SI
http://ecid.bioinfo.cnio.es/,SI
http://hscl.cimr.cam.ac.uk/bloodexpress/,NO
http://bionemo.bioinfo.cnio.es/,SI
http://as-alps.nagahama-i-bio.ac.jp/,SI
http://www.compbio.dundee.ac.uk/www-pips/,SI
http://hupex.hgpd.jp/entrance/index.html,NO
http://ahd.cbi.pku.edu.cn/,NO
http://snps.tcruzi.org/,SI
http://www.aspergillus-genomes.org.uk/,SI
http://influenza.cdc.go.kr/,NO
http://www.replicationdomain.org/andhttp://www.chromosomedomain.org/,SI
http://www.weizmann.ac.il/mcb/UriAlon/DynamProt/,SI
http://www.ebi.ac.uk/gxa,SI
http://dnasu.org,SI
http://bisc.soe.ucsc.edu/,SI
http://brix.switchlab.org/,SI
http://info.ifpan.edu.pl/BSDB/,SI
http://www.brenda-enzymes.org/BTO/,SI
http://bioinformatics.charite.de/cancerresource/,SI
http://www.cbs.dtu.dk/services/ChemProt/,SI
http://www.clipz.unibas.ch/,SI
http://wodaklab.org/dancer/,SI
http://www.dbass.org.uk/,NO
http://emdatabank.org/,SI
http://pgfe.umassmed.edu/TFDBS/,SI
http://bioinformatics.charite.de/fragment_store,SI
http://hintdb.hgc.jp/htp/,SI
http://www.immuneepitope.org/bb_structure.php,SI
http://www.knockoutmouse.org/,SI
http://www.ittc.ku.edu/chenlab/,SI
http://www.rostlab.org/services/locDB/,NO
http://matrixdb.ibcp.fr,SI
http://www.dsimb.inserm.fr/dsimb_tools/mitgene/,SI
http://bioinfo2.ugr.es/NGSmethDB/,SI
http://www.gene.affrc.go.jp/databases_en.php,NO
http://www.ompdb.org,SI
http://www.cls.zju.edu.cn/pair/,SI
http://www.pancreasexpression.org,SI
http://bis.zju.edu.cn/pmirkb/,SI
http://pir.georgetown.edu/pro,SI
http://www.violinet.org/protegen/,SI
http://RegPhos.mbc.nctu.edu.tw/,SI
http://solgenomics.net/,SI
http://bioinformatics.charite.de/sweet/,SI
http://bioinfo-mml.sjtu.edu.cn/TADB/,SI
http://cbrc.kaust.edu.sa/tcof/,SI
http://www.trpchannel.org/,SI
http://viralzone.expasy.org/,SI
http://pallab.serc.iisc.ernet.in/gester/,SI
http://www.ebi.ac.uk/patentdata/nr/,SI
http://floresta.eead.csic.es/3dpwm/,SI
http://regprecise.lbl.gov,SI
http://www.cuilab.cn/transmir,SI
http://bioinfo.hrbmu.edu.cn/hhmd,SI
http://projects.biotec.tu-dresden.de/memotif,SI
http://bioinformatics.charite.de/supercyp,SI
http://rna.urmc.rochester.edu/NNDB,SI
http://ptgl.uni-frankfurt.de/,SI
http://pocket.med.wayne.edu/fpop/,SI
http://antares.protres.ru/comsin/,SI
http://www.jcvi.org/pn-utility,SI
http://www.phisite.org,NO
http://www.MicrobesOnline.org,SI
http://www.aspgd.org,NO
http://www.TriTrypDB.org,NO
http://www.smpdb.ca,NO
http://www.ncbi.nlm.nih.gov/Structure/ibis/ibis.cgi,NO
http://mips.helmholtz-muenchen.de/proj/ppi/negatome,NO
http://gwidd.bioinformatics.ku.edu,NO
http://pepx.switchlab.org/,NO
http://www.ncbi.nlm.nih.gov/biosystems,NO
http://www.mousebook.org/,NO
https://www.infrafrontier.eu/,NO
http://en.wikipedia.org/wiki/Portal:Gene_Wiki,NO
http://www.patrocles.org,NO
http://www.seltarbase.org,SI
http://compbio.dfci.harvard.edu/genesigdb,SI
http://affymetrix2.bioinf.fbb.msu.ru,NO
http://gemina.igs.umaryland.edu,SI
http://www.bionumbers.hms.harvard.edu,SI
http://www.t3db.org,SI
http://www.biodrugscreen.org/,SI
http://www.camp.bicnirrh.res.in/,SI
http://pga.mgh.harvard.edu/primerbank/,SI
http://www.prgdb.org,SI
http://structuralbiology.cau.edu.cn/PNRD,SI
http://www.imtech.res.in/raghava/antigendb,SI
http://www.allelefrequencies.net,NO
http://amoebadb.org/amoeba/,SI
http://www.arachnoserver.org/,SI
http://rna.tbi.univie.ac.at/AREsite,SI
http://mdl.shsmu.edu.cn/ASD/,NO
http://srv00.recas.ba.infn.it/ASPicDB/,NO
http://www.tanpaku.org/autophagy/,SI
http://BovineGenome.org,SI
http://cistrome.dfci.harvard.edu/CaSNP/,SI
http://crdd.osdd.net/raghava/ccdb/,SI
http://combrex.bu.edu,SI
http://www.effectors.org,SI
http://barcode.luhs.org/,SI
http://www.glycome-db.org,SI
http://HymenopteraGenome.org,SI
http://www.igdd.iicb.res.in,SI
http://igrcid.ibms.sinica.edu.tw,SI
http://isobase.csail.mit.edu,SI
http://kpv.kazusa.or.jp/kpv4,NO
http://www.lm.lncc.br,SI
http://www.lncrnadb.org,SI
http://www.eplantsenescence.org,SI
http://microsporidiadb.org,NO
http://mirtarbase.mbc.nctu.edu.tw,SI
http://www.omabrowser.org,SI
http://www.p2cs.org,SI
http://www.pathwaycommons.org/pc/,SI
http://pcdb.unq.edu.ar/,SI
http://pcddb.cryst.bbk.ac.uk,SI
http://www.bioinsilico.org/PCRPIDB,SI
http://pbil.univ-lyon1.fr/databases/phever/,NO
http://www.phosida.com,SI
http://csb.wfu.edu/PREX,SI
http://pridb.gdcb.iastate.edu/,SI
http://bioinformatics.charite.de/promiscuous2,SI
http://dunbrack2.fccc.edu/protcid,SI
https://hugheslab.ccbr.utoronto.ca/databases/rbpdb/,SI
http://repairtoire.genesilico.pl,SI
http://reptar.ekmd.huji.ac.il/,NO
http://ricexpro.dna.affrc.go.jp/,SI
http://metadb.riken.jp/metadb/db/SciNetS_ria254i/,NO
http://www.cs.tau.ac.il/~spike/,SI
http://starbase.sysu.edu.cn/,SI
http://www.enzyme.cbirc.iastate.edu,SI
https://xena.ucsc.edu/welcome-to-ucsc-xena/,SI
http://ttsmi.bii.a-star.edu.sg,SI
http://europepmc.org/,NO
http://konulab.fen.bilkent.edu.tr/mirna/,SI
http://www.ncbi.nlm.nih.gov/sra or http://www.ebi.ac.uk/ena or http://trace.ddbj.nig.ac.jp,NO
http://www.ncbi.nlm.nih.gov/biosample,SI
http://www.ebi.ac.uk/biosamples,SI
http://www.nextprot.org/,SI
http://stormo.wustl.edu/ScerTF,NO
http://yetfasco.ccbr.utoronto.ca/,NO
http://dorina.mdc-berlin.de,SI
http://bioinfo.amu.edu.pl/mirex,NO
http://mirnest.amu.edu.pl,SI
http://rna.igmors.u-psud.fr/NAPP,SI
http://crdd.osdd.net/servers/virsirnadb,SI
http://www.jcvi.org/charprotdb/,SI
http://www.phosphosite.org/,SI
http://immunet.cn/mimodb,SI
http://bykdb.ibcp.fr/,SI
http://www.conoserver.org/,SI
http://www.deathdomain.org,SI
http://www.actrec.gov.in/histome/,NO
http://clipserve.clip.ubc.ca/topfind,NO
http://bioinfo.iitk.ac.in/MIPModDB,SI
http://opm.phar.umich.edu,SI
http://polbase.neb.com,SI
http://www.proglycprot.org,NO
http://bitterdb.agri.huji.ac.il/dbbitter.php,SI
http://www.crystallography.net/,SI
http://dcv.uhnres.utoronto.ca/SCRIPDB/search,SI
http://www.minas.uzh.ch,SI
http://cossmos.slu.edu,SI
http://pdbj.org/,NO
http://ahdb.ee.ncku.edu.tw/,SI
http://www.bioinsilico.org/CAPSDB,SI
http://crdd.osdd.net/raghava/ccpdb/,SI
http://epsf.bmad.bii.a-star.edu.sg/cube/db/html/home.html,SI
http://darcsite.genzentrum.lmu.de/darc/,SI
http://orion.rnet.missouri.edu/~nz953/DOMMINO/,SI
http://www.ideal.force.cs.is.nagoya-u.ac.jp/IDEAL/,SI
http://possum.cbrc.jp/PoSSuM/,SI
http://pcidb.russelllab.org/,SI
http://idp1.force.cs.is.nagoya-u.ac.jp/pscdb/,SI
http://www.ebi.ac.uk/miriam/,SI
http://hfv.lanl.gov/,SI
http://www.hpppi.iicb.res.in/btox,SI
http://db-mml.sjtu.edu.cn/ICEberg/,SI
http://operons.ibt.unam.mx/OperonPredictor/,SI
http://fungidb.org,SI
http://phenom.ccbr.utoronto.ca,SI
http://www.pombase.org/,SI
http://www.ebi.ac.uk/rhea/,SI
http://www.unipathway.org/,SI
http://equilibrator.weizmann.ac.il,NO
http://www.ebi.ac.uk/thornton-srv/databases/FunTree/,NO
http://sabiork.h-its.org/,SI
http://bioinfo.unil.ch/selectome/,SI
http://ipavs.cidms.org/,SI
http://mmdb.iab.keio.ac.jp/,NO
http://www.ymdb.ca,SI
http://funcoup.sbc.su.se/,SI
http://prism.ccbb.ku.edu.tr/hotregion,SI
http://biodev.cea.fr/interevol,SI
https://omics.bjcancer.org/pina/,NO
http://predictivenetworks.org,NO
http://newt-omics.mpi-bn.mpg.de,SI
https://v3.ogee.info,SI
http://zfishbook.org/,SI
http://compbio.mit.edu/HaploReg,SI
http://diseaseontology.sf.net/,NO
http://cansar.icr.ac.uk,SI
http://colt.ccbr.utoronto.ca/cancer,SI
http://igdb.nsclc.ibms.sinica.edu.tw,NO
http://discovery.hsci.harvard.edu/,SI
http://www.umd.be/BRCA1/,SI
http://adhd.psych.ac.cn/,SI
http://autism.cbi.pku.edu.cn,SI
http://www.ncbi.nlm.nih.gov/projects/gv/mhc/xslcgi.cgi?cmd=bgmut,NO
http://202.97.205.78/diseasemeth,SI
http://distild.jensenlab.org/,SI
http://www.bioinfo.org/dr.vis,SI
http://jjwanglab.org/gwasdb,SI
http://www.GeneWeaver.org,SI
http://intermine.modencode.org,NO
https://www.ebi.ac.uk/chembldb/,SI
http://oligogenome.stanford.edu/,SI
http://mitominer.mrc-mbu.cam.ac.uk/,SI
http://www.phytozome.net/,NO
http://bis.zju.edu.cn/pnatdb/,NO
http://www.plexdb.org,SI
http://plantgrn.noble.org/LegumeIP/,SI
http://circe.med.uniroma1.it/digit,NO
http://dnatraffic.ibb.waw.pl/,SI
http://www.exocarta.org,SI
http://metadatabase.org,SI
http://gowiki.tamu.edu,SI
http://ecoliwiki.net,SI
http://subtiwiki.uni-goettingen.de/,SI
http://www.nematodes.org/nematodegenomes/index.php/Main_Page,SI
http://www.wikipathways.org,SI
http://www.SNPedia.com,SI
http://www.ebi.ac.uk/ega/,SI
http://www.ebi.ac.uk/dgva/,SI
http://www.ncbi.nlm.nih.gov/clinvar/,SI
http://tfclass.bioinf.med.uni-goettingen.de/,SI
http://monarchbase.umassmed.edu,SI
http://www.pathogenomics.sfu.ca/ortholugedb,SI
http://2p2idb.cnrs-mrs.fr/,SI
http://metalweb.cerm.unifi.it/,SI
http://db-mml.sjtu.edu.cn/SecReT4,SI
http://rhesusbase.cbi.pku.edu.cn/,SI
http://plantrna.ibmp.cnrs.fr/,SI
http://www.cuilab.cn/lncrnadisease,SI
http://www.llamp.net,NO
http://www.genomernai.org,SI
http://caps.ncbs.res.in/stifdb2,SI
http://caps.ncbs.res.in/3DSwap,NO
http://dfam.org/,SI
http://sines.eimb.ru,NO
http://ccg.vital-it.ch/UCNEbase/,SI
http://appris.bioinfo.cnio.es/,NO
http://chitars.bioinfo.cnio.es/,NO
http://hertellab.mmg.uci.edu/cgi-bin/HEXEvent/HEXEventWEB.cgi,NO
http://193.206.120.249/splicing_tissue.html,SI
http://spliceosomedb.ucsc.edu,SI
http://rna.sysu.edu.cn/chipbase/,SI
http://www.factorbook.org/,SI
"http://autosome.ru/HOCOMOCO, http://cbrc.kaust.edu.sa/hocomoco/",SI
http://kwanlab.bio.cuhk.edu.hk/BSRD,SI
http://www.microrna.gr/LncBase,SI
http://www.lncipedia.org,SI
http://compbio.uthsc.edu/SomamiR/,SI
http://ngs.ym.edu.tw/ym500/,SI
http://bioservices.hs-mittweida.de/Epros/,SI
http://www.swisssidechain.ch,SI
http://iomics.ugent.be/toppr/,SI
http://validness.ym.edu.tw/,SI
http://cyanolyase.genouest.org,SI
http://www.bio.nite.go.jp/pks/,SI
http://eendb.cbi.pku.edu.cn/,SI
http://gemdock.life.nctu.edu.tw/KIDFamMap/,SI
http://uucd.biocuckoo.org/,SI
http://www.glycanstructure.org/fragment-db,SI
http://d2p2.pro,SI
http://www.ebi.ac.uk/pdbe/docs/sifts/,SI
http://supfam.org/SUPERFAMILY/dcGO,SI
http://hbvdb.ibcp.fr,SI
http://PaVE.niaid.nih.gov,NO
http://meta.microbesonline.org/,SI
http://SSU-rRNA.org,SI
http://ophid.utoronto.ca/networx/,SI
http://so.qbic.riken.jp/wddd/,SI
http://www.wormqtl.org,SI
http://www.ebi.ac.uk/enzymeportal,SI
http://www.sigma54.ca/microbialclusters/,SI
http://www.ecmdb.ca,SI
http://www.ebi.ac.uk/metabolights,SI
http://rnb.genesilico.pl/,SI
http://wholecellkb.stanford.edu,SI
http://bhapp.c2b2.columbia.edu/PrePPI,SI
http://ptmcode.embl.de,NO
http://bioinformatics.charite.de/synsysnet,SI
http://netbio.bgu.ac.il/tissuenet/,SI
http://quorumpeps.ugent.be,SI
http://tga.nig.ac.jp/h2db/,SI
http://nhprtr.org/,SI
http://oikoarrays.biology.uiowa.edu/Oiko/,SI
http://research.nhgri.nih.gov/zinc,NO
http://www.ncbi.nlm.nih.gov/gtr/,NO
http://www.ncbi.nlm.nih.gov/dbvar,SI
http://www.medicalgenomics.org/celllinenavigator/,SI
https://bioinfo.uth.edu/TSGene1.0/,SI
http://bioinf.itmat.upenn.edu/circa/,SI
http://servers.binf.ku.dk/bloodspot/,SI
http://metscout.mpg.de,SI
http://mcg.ustc.edu.cn/bsc/spermgenes/,SI
http://www.cellimagelibrary.org,SI
http://zhanglab.ccmb.med.umich.edu/BioLiP/,SI
http://www.g4ldb.org,SI
http://www.cancerRxgene.org,NO
http://crdd.osdd.net/raghava/npact/,SI
http://132.230.56.4/streptomedb3/,SI
http://www.swissbioisostere.ch/,SI
http://chibba.agtec.uga.edu/duplication/,SI
https://wheat.pw.usda.gov/piece/,SI
http://ricefrend.dna.affrc.go.jp/,NO
http://www.ncbi.nlm.nih.gov/clone/,SI
http://eeb.princeton.edu/lucapedia,SI
http://www.ncbi.nlm.nih.gov/books,SI
http://npidb.belozersky.msu.ru/,SI
http://www.genoscope.cns.fr/agc/microscope/,SI
http://flyatlas.org/,SI
http://sgb.fli-leibniz.de/,SI
http://www.genomicus.biologie.ens.fr/,SI
http://www.brain-map.org,SI
http://www.innatedb.com/,SI
http://biogps.org,SI
http://www.compgen.uni-muenster.de/tools/uorfdb/,SI
http://149.171.101.136/python/BloodChIP/,SI
http://collectf.umbc.edu,SI
http://syslab.nchu.edu.tw/DPRP/,NO
http://bhapp.c2b2.columbia.edu/OnTheFly/,SI
http://rohslab.cmb.usc.edu/TFBSshape/,SI
http://rnaedit.com,SI
http://proteinformatics.charite.de/mppd,SI
http://bioinfo.protres.ru/hrap/,SI
http://caps.ncbs.res.in/lenvardb/,SI
http://crdd.osdd.net/raghava/hemolytik/,SI
http://bioinformatics.charite.de/mvoc,SI
http://iimcb.genesilico.pl/rnabricks,SI
,SI
http://repeatsdb.org/,SI
http://www.human-phenotype-ontology.org,SI
http://nexontology.org/,SI
http://bacdive.dsmz.de,SI
https://www.ebi.ac.uk/metagenomics/,SI
http://pophuman.uab.cat,SI
http://www.bacterio.net,SI
http://pogo.ece.drexel.edu,SI
http://mips.helmholtz-muenchen.de/HoPI/,SI
http://porteco.org,SI
http://sporeweb.molgenrug.nl,SI
http://www.weizmann.ac.il/molgen/loqate/,SI
http://jgi.doe.gov/fungi,SI
http://www.inetbio.org/yeastnet/,NO
http://ekpd.biocuckoo.org/,SI
http://wallace.uab.es/multitask/,SI
http://sfld.rbvi.ucsf.edu/,NO
http://kbdock.loria.fr/,SI
http://www.mousephenotype.org,SI
http://manteia.igbmc.fr/,SI
http://tisdb.human.cornell.edu/,SI
http://www.wormqtl-hd.org,SI
http://gwips.ucc.ie,SI
http://www.lrg-sequence.org,SI
http://agefactdb.jenage.de,SI
http://www.ncbi.nlm.nih.gov/gap,SI
http://hsb.upf.edu/,SI
http://dgv.tcag.ca/dgv/app/home,SI
http://jjwanglab.org/dbpshp,SI
http://decipher.sanger.ac.uk/,SI
http://invfestdb.uab.cat,SI
http://lynx.ci.uchicago.edu/,NO
http://cardiodb.org/nectar,SI
http://www.ebi.ac.uk/fgpt/gwas/,NO
http://rv.psych.ac.cn,NO
http://colombos.net/,NO
http://www.plasmaproteomedatabase.org/,SI
http://www.cellfinder.org/,NO
http://networks.systemsbiology.net/,SI
http://crdd.osdd.net/servers/avpdb/,SI
http://bacmet.biomedicine.gu.se/,SI
http://www.guidetopharmacology.org,SI
http://bioinformatics.charite.de/superpain/,SI
http://bioinformatics.charite.de/transformer,SI
http://mitobreak.portugene.com,SI
http://www.gomapman.org,SI
http://pmite.hzau.edu.cn/django/mite/,SI
http://www.genomeindia.org/biocuration,SI
http://ic4r.org,SI
http://www.cottongen.org,SI
http://soykb.org,SI
http://bnaber.org/,SI
http://opig.stats.ox.ac.uk/webapps/sabdab,SI
http://snoopy.med.miyazaki-u.ac.jp/,SI
http://www.ycelldeath.com/yapoptosis/,SI
http://bioinformatics.psb.ugent.be/pico-plaza/,SI
http://caps.ncbs.res.in/SMoS2/,SI
http://swift.cmbi.ru.nl/gv/facilities/,SI
http://structure.bioc.cam.ac.uk/platinum,SI
http://www.cecafdb.org,SI
http://bidd2.nus.edu.sg/cfam,NO
http://www.rna-society.org/virbase/,NO
http://www.metexplore.fr/trypanocyc/,SI
http://i5k.nal.usda.gov/,SI
http://ibeetle-base.uni-goettingen.de,SI
http://superfly.crg.eu,SI
http://dbtmee.hgc.jp/,SI
http://apps.nhlbi.nih.gov/grasp/,SI
https://arraymap.progenetix.org/,SI
http://bioinformatics.breastcancertissuebank.org,SI
http://crdd.osdd.net/raghava/cancerppd/,SI
http://ccgd-starrlab.oit.umn.edu/,SI
http://cgbc.cgu.edu.tw/cmpd/,NO
http://www.cancer3d.org,SI
http://awi.cuhk.edu.cn/~MethHC,SI
http://bmi-tokai.jp/VaDE/,NO
http://ageing-map.org/,NO
http://www.cbrc.kaust.edu.sa/ddmgd/,NO
http://mips.helmholtz-muenchen.de/Organ_System_Heterogeneity/,NO
http://bioinf.xmu.edu.cn/ADReCS,NO
http://toxico.nibiohn.go.jp/english/index.html,NO
http://cbs.dtu.dk/services/NutriChem-1.0,NO
http://crdd.osdd.net/raghava/ahtpdb/,NO
http://bioinformatics.psb.ugent.be/plaza/,NO
http://www.inetbio.org/aranet/,NO
http://www.araport.org,NO
http://ricevarmap.ncpgr.cn,NO
http://coffee-genome.org/,NO
http://codex.stemcells.cam.ac.uk/,NO
http://www.genefriends.org,SI
http://www.addgene.org/,SI
http://www.barcdb.org,SI
https://bard.nih.gov/,SI
http://plasmogem.sanger.ac.uk/,SI
http://cega.ezlab.org/,NO
http://juncdb.carmelab.huji.ac.il/,SI
http://www.rbp-var.biols.ac.cn/,NO
http://asntech.org/dbsuper/,SI
http://sea.edbc.org,SI
http://lisanwanglab.org/DASHR,SI
http://www.smallrnagroup-mainz.de/piRNAclusterDB.html,SI
http://sysbio.sysu.edu.cn/rpfdb/,SI
http://mfrlab.org/interrna/,SI
http://mmb.irbbarcelona.org/ParmBSC1,SI
http://nbdb.bii.a-star.edu.sg,SI
http://mammoth.bcm.tmc.edu/uet/,SI
http://www.sorfs.org,SI
http://klifs.vu-compmedchem.nl,SI
http://gnmdb.csb.pitt.edu/,SI
http://pdbflex.org,SI
http://start2fold.eu,NO
http://www.metabolomicsworkbench.org/,SI
http://bigg.ucsd.edu,SI
http://www.metanetx.org,NO
http://signor.uniroma2.it/,SI
http://merav.wi.mit.edu,SI
http://coexpression.cmbi.umcn.nl/,SI
http://www.nmpdr.org/FIG/wiki/view.cgi/FIG/MetagenomicsRapidAnnotationServer,SI
http://www.hpmcd.org/,SI
http://www.cbrc.kaust.edu.sa/desm,SI
http://bioinfo.imtech.res.in/manojk/sigmol,SI
http://web.stanford.edu/group/golden_gate_clon/cgi-bin/index/index.py,SI
http://www.iith.ac.in/EK3D/,SI
http://bacdb.org/BacWGSTdb/,SI
http://www.phytopathdb.org/,SI
http://www.encodeproject.org,NO
http://mae.hms.harvard.edu,SI
http://hpscreg.eu,NO
http://cell-lineage.org,SI
http://www.insect-genome.com/,SI
http://www.aniseed.cnrs.fr,NO
http://research.nhgri.nih.gov/crisprz,NO
http://www.inetbio.org/mousenet/,SI
http://dmdd.org.uk,SI
http://www.AgingChart.org,SI
http://dida.ibsquare.be,SI
http://sbrblood.nhgri.nih.gov,SI
http://syslab4.nchu.edu.tw/CRN,NO
http://14.139.32.56/,NO
https://bioinfo.uth.edu/ccmGDB/,SI
http://www.colonatlas.org,SI
http://www.bio-bigdata.net/lnc2cancer.,NO
http://www.mutationaligner.org,NO
http://opentein.hgc.jp/,NO
http://histone.sce.ntu.edu.sg/SynLethDB/,NO
http://www.campsign.bicnirrh.res.in/,NO
http://dgidb.genome.wustl.edu,NO
http://sideeffects.embl.de/,SI
http://cheminfo.charite.de/withdrawn,SI
http://crdd.osdd.net/raghava/cppsite/,SI
http://dbaasp.org,SI
http://crdd.osdd.net/raghava/satpdb/,NO
http://plantdhs.org,SI
http://PlantPAN2.itps.ncku.edu.tw,SI
http://www.phytosystems.ulg.ac.be/florid/,SI
https://www.surechembl.org/search/,NO
http://csdb.glycoscience.ru/database,NO
https://glytoucan.org,SI
http://sugarbind.expasy.org,SI
www.broadinstitute.org/mitocarta,NO
http://www.mitoage.org,SI
http://www.intogen.org/search,SI
https://rvs.u.hpc.mssm.edu/divas/,SI
http://ngs.ym.edu.tw/driverdb,SI
http://www.type2diabetesgenetics.org/,NO
http://immunet.princeton.edu,NO
http://www.disgenet.org/,NO
http://planmine.mpi-cbg.de/,NO
http://bbcftools.epfl.ch/getprime,NO
http://gtrd.biouml.org,NO
http://bio-bigdata.hrbmu.edu.cn/lincsnp/,NO
http://bioinfo.life.hust.edu.cn/LNCediting/,NO
http://sysbio.sysu.edu.cn/methsmrt,SI
https://mpd.bioinf.uni-sb.de/,NO
http://POSTAR.ncrnalab.org,NO
http://www.rna-society.org/raid,NO
http://www.rna-society.org/rnalocate/,NO
http://ccg.vital-it.ch/snp2tfbs/:,NO
http://tfbsbank.co.uk/,NO
http://uniclust.mmseqs.com/,NO
http://adpribodb.leunglab.org/,SI
http://protdyn-database.org,NO
http://www.lcqb.upmc.fr/jet2_viewer/,NO
http://linkprot.cent.uw.edu.pl/,NO
http://membranome.org/,NO
http://www.zhaobioinfo.org/mutLBSgeneDB/,NO
http://weram.biocuckoo.org/,SI
http://prodata.swmed.edu/ecod/,NO
http://tstmp.enzim.ttk.mta.hu,NO
http://www.ontobee.org/,SI
http://www.coexpedia.org,NO
http://cgdb.biocuckoo.org/,NO
https://fairdomhub.org/,NO
http://cbdm.uni-mainz.de/hippie/,NO
http://ophid.utoronto.ca/pathDIP,NO
http://www.xtalkdb.org,NO
https://img.jgi.doe.gov/vr/,SI
http://www.fludb.org,NO
http://infolab.dgist.ac.kr/MRPrimerV,NO
http://research.engineering.uiowa.edu/kristensenlab/VOG,NO
http://antismash-db.secondarymetabolites.org,NO
https://img.jgi.doe.gov/abc-public/,NO
http://arpcard.mcmaster.ca,NO
https://meg.colostate.edu/MEGaRes/,NO
http://pathoyeastract.org/index.php,NO
http://www.wdcm.org,NO
http://www.elegansvariation.org,NO
http://cistrome.org/db,NO
http://genomecrispr.org,NO
http://hieranoidb.sbc.su.se/,NO
http://www.hipsci.org/,NO
http://monarchinitiative.org,NO
http://srv00.recas.ba.infn.it/atlas/index.html,NO
https://www.wzgenomics.cn/mirdnmr/,NO
http://denovo-db.gs.washington.edu,NO
http://www.picb.ac.cn/dbDEMC,NO
http://exac.broadinstitute.org,NO
http://www.1000genomes.org/data-portal,NO
http://www.bio-bigdata.net/nsdna/,NO
http://igenomed.org/KERIS,NO
https://bioinfo.uth.edu/SZGR/,NO
http://drugcentral.org,NO
http://exposome-explorer.iarc.fr,NO
https://targetvalidation.org,NO
https://pharos.nih.gov/,NO
http://eurisco.ecpgr.org/,NO
http://bis.zju.edu.cn/pcernadb/index.jsp,NO
http://plantreactome.gramene.org/,NO
http://www.sesame-bioinfo.org/PMDBase,NO
https://arapheno.1001genomes.org,NO
http://www.inetbio.org/soynet/,NO
http://structuralbiology.cau.edu.cn/gossypium/,NO
http://www.proteomexchange.org/,NO
http://www.proteomexchange.org/,NO
https://repository.jpostdb.org/,NO
http://isoelectricpointdb.org/,NO
https://www.targetvalidation.org/,NO
http://gigadb.org/site/index,NO
http://www.immport.org/immport-open/public/home/home,NO
http://clingen.igib.res.in/almena/,SI
http://metagenomics.iiserb.ac.in/biofueldb,SI
http://apps.chiragjpgroup.org/repoDB/,SI
https://mistdb.com/,NO
http://biophy.dzu.edu.cn/EVLncRNAs2,SI
https://vibrism.neuroinf.jp/,SI
https://phasepro.elte.hu/,SI
http://www.stemformatics.org,SI
https://polyasite.unibas.ch,SI
https://chlamdb.ch/,SI
https://epd.epfl.ch,SI
,SI
https://www.gephebase.org/,SI
http://mirgenedb.org/,SI
https://www.biosino.org/PhenoModifier,SI
dwishart@ualberta.ca,NO
https://ogrdb.airr-community.org,SI
http://www.licpathway.net/ENdb,SI
http://allomaps.bii.a-star.edu.sg,SI
,NO
https://hanlab.uth.edu/apa/,SI
http://www.bio-data.cn/CFEA,SI
http://www.licpathway.net/ENdb,SI
http://www.enhanceratlas.org/indexv2.php,SI
(http://www.licpathway.net/KnockTF/index.html,NO
,SI
,SI
,SI
,SI
,SI
,SI
,SI
,SI
,SI
,SI
,NO
,NO
,NO
,NO
,NO
,SI
,SI
,SI
,SI
,NO
,SI
,SI
,SI
,NO
,SI
,SI
,SI
,SI
,SI
,SI
,NO
,SI
,SI
,NO
,SI
,SI
,SI
,SI
,SI
,SI
,SI
,NO
,SI
,NO
,SI
,SI
,SI
,SI
,SI
,SI
,SI
,SI
,SI
,NO
,SI
,SI
,SI
https://www.spatialomics.org/SpatialDB/,SI
,SI
,SI
,SI
,SI
,NO
,SI
,SI
,SI
,SI
,SI
,SI
,SI
http://biomine.cs.vcu.edu/servers/DESCRIBEPROT/,NO
http://stab.comp-sysbio.org,SI
http://csvs.babelomics.org/,SI
https://sph.uth.edu/retnet/,NO
https://doi.org/10.6084/m9.figshare.12417881.v2/,NO
https://memmorf.hegelab.org/,SI
https://datanator.info,NO
https://modelseed.org,SI
http://crispview.weililab.org,SI
https://pk-db.com,SI
https://gold.jgi.doe.gov/,SI
https://idrblab.org/intede/,SI
https://idrblab.org/gimica/,SI
https://db.idrblab.org/varidt/,SI
http://db.idrblab.org/ttd/,SI
http://gmql.eu/virusurf/,SI
https://search.thegencc.org/,SI
http://mggm-lab.easyomics.org,SI
https://www.ncbi.nlm.nih.gov/COG/,SI
,SI
http://rna.sysu.edu.cn/deepbase3,NO
https://zfin.org/,NO
http://origin.tubic.org/deg/,SI
http://www.dgidb.org/,SI
http://bcb.unl.edu/AcrDB/,SI
http://pacrispr.erc.monash.edu/AcrHub,SI
https://bigd.big.ac.cn/aging,SI
http://gong_lab.hzau.edu.cn/Animal-APAdb/,NO
http://www.licpathway.net/ATACdb),SI
http://www.megabionet.org/atmad,SI
http://bastionhub.erc.monash.edu/,SI
https://bigfam.bioinformatics.nl.,SI
http://www.cancerimmunityqtl-hust.com/,SI
https://chewbbaca.online/,SI
http://www.ehbio.com/cmnpd/front/#/ [CHECK!],SI
https://cncdatabase.med.cornell.edu/,SI
http://www.rna-society.org/cncrnadb/,SI
http://conjupepdb.ttk.hu/,SI
https://cov3d.ibbr.umd.edu/,SI
http://covid19.md.biu.ac.il/,SI
http://cadd.zju.edu.cn/cidb/,NO
http://www.crisprsql.com/,SI
http://crispviewdatabase.weililab.org:8000/,SI
https://bioinfo.uth.edu/CSEADB/,SI
http://csvs.babelomics.org/,SI
http://www.sb-roscoff.fr/cyanorak,SI
http://bcb.unl.edu/dbCAN_PUL/home,SI
https://sgrnascorer.cancer.gov/dbguide,SI
http://www.ddbj.nig.ac.jp,SI
https://exbio.wzw.tum.de/digger,SI
https://darkinome.org/,SI
http://www.genesilico.pl/DNAmoreDB,NO
https://covirus.cc/drugs/,SI
https://drugspacex.simm.ac.cn/,SI
http://www.tartaglialab.com/dualseq/,SI
http://www.ebi.ac.uk,SI
https://www.ebi.ac.uk/ena,SI
https://loschmidt.chemi.muni.cz/fireprotdb,SI
http://gctype.wdcm.org/,SI
www.ncbi.nlm.nih.gov/genbank/,NO
https://wan-bioinfo.shinyapps.io/GESS_v1_7/,SI
https://glycopost.glycosmos.org/,SI
http://www.grndb.com/,SI
https://gsrs.ncats.nih.gov/app/substances,SI
https://hanlab.uth.edu/HeRA/,NO
http://herb.ebiomed.cn/,SI
http://www.housekeeping.unicamp.br/,SI
https://webapp.ufz.de/hmdb/,SI
http://www.kobic.re.kr/icsdb,NO
http://mdl.shsmu.edu.cn/IDDB,SI
imodulondb.com,SI
http://clingen.igib.res.in/indigen/,SI
https://bioinfo.uth.edu/kmd/,SI
https://www.ncbi.nlm.nih.gov/research/coronavirus/,NO
http://www.bio-bigdata.net/LnCeCell,NO
https://bigd.big.ac.cn/lncexpdb,SI
http://bio.liclab.net/LncSEA/,SI
http://www.xjtlu.edu.cn/biologicalsciences/atlas,NO
http://www.markerdb.ca/,SI
http://www.aiddlab.com/MASI/,SI
https://das.chenlulab.com/.,SI
http://memmorf.hegelab.org,SI
http://mgedb.comp-sysbio.org/,SI
http://mgb.biocloud.net/home,NO
http://bigd.big.ac.cn,SI
https://ndb.rice.edu/,SI
https://oncovar.org/,SI
https://genetics.opentargets.org/,NO
http://discovery.informatics.uab.edu/PAGER-COV/,SI
http://pedtranscriptome.org,SI
https://dianalab.e-ce.uth.gr/peryton,SI
https://phelige.com/,NO
http://phycocosm.jgi.doe.gov/,SI
https://pk-db.com/,SI
https://www.planetmicrobe.org/,SI
http://gong_lab.hzau.edu.cn/Plant_imputeDB,SI
http://cadd.zju.edu.cn/protacdb,SI
http://rasp.zhanglab.net/,SI
https://rbp2go.dkfz.de,SI
www.RJunBase.org,SI
http://www.xjtlu.edu.cn/biologicalsciences/rmd,SI
http://rmvar.renlab.org,SI
http://easybioai.com/sc2disease/,SI
http://health.tsinghua.edu.cn/SilencerDB/,NO
https://tbdb.io,NO
http://bioinfo.life.hust.edu.cn/TCRdb,NO
http://biosig.unimelb.edu.au/thermomutdb,SI
http://tisch.comp-genomics.org/,NO
https://www.biosino.org/transcirc/,NO
http://trftarget.net,SI
http://tsrbase.org/,SI
http://www.licpathway.net/VARAdb/,SI
http://dcp.rutgers.edu,NO
http://biotech.bmi.ac.cn/3dsnp/,NO
http://aagatlas.ncpsb.org,NO
http://chordate.bpni.bio.keio.ac.jp/faba/,SI
http://bioinfo.life.hust.edu.cn/AnimalTFDB/index.php,NO
http://mosas.sysu.edu.cn/utr,NO
http://mpss.udel.edu/at/,NO
http://www.megabionet.org/atpid/,NO
http://net.icgeb.org/benchmark/,NO
http://rise.genomics.org.cn/,NO
http://biozon.org/,NO
http://bps.rutgers.edu/,NO
http://bugs.sgul.ac.uk/E-BUGS-PUB,NO
http://www.bioguo.org/CADgene/,NO
http://camera.calit2.net/,NO
http://www.cangem.org/,SI
http://centrosome.cnb.csic.es,NO
http://circnet.mbc.nctu.edu.tw,NO
http://cogeme.ex.ac.uk/,SI
http://cgg.ebi.ac.uk/cgg/cpp_sitemap.html,SI
http://cops.igib.res.in/copsv2/index.html,NO
http://covdb.microbiology.hku.hk/,NO
http://cpla.biocuckoo.org/,NO
http://compbio.tongji.edu.cn/cr/,NO
http://www.molecular-systems.org/csdbase/,NO
http://cutdb.burnham.org/,NO
http://beamish.ucc.ie/,SI
http://dbcrid.biolead.org,SI
http://lifecenter.sgst.cn/dbdepc/index.do,NO
http://dblep.hupo.org.cn/,NO
http://bioinfo.au.tsinghua.edu.cn/dbRES/,NO
http://www.megabionet.org/dbSAP,SI
http://cgsmd.isi.edu/dbsnpq,NO
http://dga.nubic.northwestern.edu/,SI
http://dogvb.big.ac.cn,NO
http://domine.utdallas.edu/,NO
http://doop.abc.hu/,NO
http://tubic.tju.edu.cn/doric5.0/,NO
http://drug2gene.com,NO
http://drygin.ccbr.utoronto.ca/,NO
http://eduliss.bch.ed.ac.uk/,SI
http://service.ipr.pdbj.org/eF-site/index.jsp,SI
http://biotech.bmi.ac.cn/ehfpi/,NO
http://122.228.158.106/EpilepsyGene,NO
http://datam.i2r.a-star.edu.sg/ergdbV2/index.html,SI
http://jbirc.jbic.or.jp/hinv/evola/,SI
http://exolocator.eopsf.org/,NO
http://compbio.cs.queensu.ca/F-SNP/,SI
http://cgl.imim.es/fcp/,NO
http://flybrain.neurobio.arizona.edu/,NO
http://urchin.spbcas.ru/flyex/ and http://flyex.uchicago.edu/flyex/index.jsp,SI
http://www.flytf.org/,SI
http://foresttree.org/ftdb,SI
http://FunShift.cgb.ki.se/,NO
http://www.fusariumdb.org/,NO
http://donglab.ecnu.edu.cn/databases/FusionCancer/,NO
http://www.genestation.org,NO
http://ecoli.naist.jp/,SI
http://www.genome3d.eu,SI
http://gold.tugraz.at/,NO
http://greenc.sciencedesigners.com/wiki/Main_Page,SI
http://tubic.tju.edu.cn/greglist/,NO
http://www.ihop-net.org/UniPub/HCAD,NO
http://hdbase.org/,NO
http://lifecenter.sgst.cn/hit,NO
http://hgtree.snu.ac.kr,NO
http://www.megabionet.org/bio/hlung/,NO
http://cmbi.bjmu.edu.cn/hmdd,NO
http://www.imgt.org/ligmdb/,NO
http://immuco.bjmu.edu.cn/,NO
http://interdom.i2r.a-star.edu.sg/,NO
http://ipfam.org/,NO
http://www.ippidb.cdithem.fr/ http://www.cdithem.fr/ippidb/v2,SI
http://datam.i2r.a-star.edu.sg/kberg/,NO
http://KineticDB.protres.ru/db/index.pl,SI
http://king.mbu.iisc.ernet.in/,NO
http://microme.genomics.org.cn/program/GenoListPERL/index.pl?database=leptolist,NO
http://helix-web.stanford.edu/LPFC/,NO
http://www.maizegdb.org/,NO
http://www.malacards.org/,NO
http://datam.i2r.a-star.edu.sg/mdpd/index.php,SI
http://www.medicago.org/,NO
http://www.megx.net/,NO
http://compgenomics.utsa.edu/methylation/,SI
http://metasystems.riken.jp/metabiome/,SI
http://metaref.org/,NO
http://dnamethylome.org,NO
http://mnm.engr.uconn.edu/,SI
http://www.moonlightingproteins.org/,NO
http://variation.osu.edu/,NO
http://mvirdb.llnl.gov/,NO
http://prion.bchs.uh.edu/bp_type/,NO
http://bio.ifom-ieo-campus.it/ncg,NO
http://nonb.abcc.ncifcrf.gov,NO
http://jsm-research.imb.uq.edu.au/nred/cgi-bin/ncrnadb.pl,SI
http://nmr.cmbi.ru.nl/NRG-CING,NO
http://ogre.mcmaster.ca/,NO
http://berry.engin.umich.edu/oligoarraydb/,NO
http://omia.angis.org.au/,NO
http://www.pazar.info/,NO
http://bioinfo.tg.fh-giessen.de/pdbselect/,NO
http://pepcyber.umn.edu/PPEP/,NO
http://nwsr.smith.man.ac.uk/pepseeker/,NO
http://pfd.med.monash.edu.au/,NO
http://www.phenomicdb.de/,NO
http://pid.nci.nih.gov/,SI
http://pidd.math.iastate.edu/,NO
http://pig.vbi.vt.edu/,NO
http://www.byanbioinfo.org/plamom/,NO
http://plantmetabolomics.vrac.iastate.edu/ver2/index.php,NO
http://mpss.udel.edu/,NO
http://plantsp.sdsc.edu/,NO
http://planttfdb.cbi.pku.edu.cn,NO
http://lcgbase.big.ac.cn/plastid-LCGbase/,NO
http://www.studiofmp.com/plpmdb/,NO
http://pmap.burnham.org/,NO
https://bioinformatics.cineca.it/PMDB/,NO
http://www.pocketome.org,SI
http://pxgrid.med.monash.edu.au/polyq/,SI
http://www.poxvirus.org/,NO
http://www.progenetix.org,NO
http://proportal.mit.edu/,NO
http://prorepeat.bioinformatics.nl/,NO
http://pgd.science.oregonstate.edu/,NO
http://pssrdb.cdfd.org.in/,NO
http://www.megabionet.org/aspd,NO
http://primerdepot.nci.nih.gov/,NO
http://rloop-v2.bii.a-star.edu.sg,SI
http://lipid-raft-database.di.uq.edu.au/,NO
http://www.retroryza.org/,NO
http://golgi.gs.dna.affrc.go.jp/SY-1102/rad/index.html,SI
http://cdna01.dna.affrc.go.jp/PIPE/,NO
http://gene64.dna.affrc.go.jp/RPD/main_en.html,SI
http://RiceGAAS.dna.affrc.go.jp/,SI
http://mirlab.sysu.edu.cn/rmbase/,SI
http://rna-mdb.cas.albany.edu/RNAmods/,NO
http://research.imb.uq.edu.au/RNAdb/,SI
http://bird.cbrc.jp/sahg,NO
http://www.scoppi.org/,SI
http://spd.cbi.pku.edu.cn/,NO
http://seqanswers.com/wiki/SEQanswers,NO
http://www.sevaplasmids.com,NO
http://benham.genomecenter.ucdavis.edu/,NO
http://siRecords.biolead.org,NO
http://sirna.sbc.su.se/,SI
http://www-bionet.sscc.ru/sitex/,NO
https://rdb.vlifescience.com,NO
http://oryzasnp.org:8080/iric-portal/,NO
http://snplogic.org//,NO
http://spbase.org/,NO
http://bioinfobase.umkc.edu/speed/speed_main.htm,NO
http://cmbi.bjmu.edu.cn/Sdisease,NO
http://ccb1.bmi.ac.cn/srnatarbase/,NO
http://rnp.uthscsa.edu/rnp/SRPDB/SRPDB.html,NO
http://psb.kobic.re.kr/STAP/refinement,NO
http://syndb.cbi.pku.edu.cn/,NO
http://lifecenter.sgst.cn/bodyfluid/,NO
http://pimp.starflr.info/,NO
http://www.wyomingbioinformatics.org/TAED/,NO
http://tbdb.org/,NO
http://projects.insilico.us.com/TCGASpliceSeq,NO
http://www.megabionet.org/tcmid/,NO
http://tiara.gmi.ac.kr,NO
http://bio-cluster.iis.sinica.edu.tw/TMPad,NO
http://rnp.uthscsa.edu/rnp/tmRDB/tmRDB.html,NO
http://www.topsan.org/,NO
http://transpogene.tau.ac.il/,NO
http://unitrap.crg.es/,NO
http://www.biochem.ucl.ac.uk/bsm/virus_database/VIDA.html,NO
http://www.viralorfeome.com/,NO
http://proteinformatics.charite.de/voronoia4rna/tools/v4rna/index,NO
http://annmap.picr.man.ac.uk/,NO
http://yh.genomics.org.cn/,NO
http://ypa.csbb.ntu.edu.tw/,NO
https://zifdb.msi.umn.edu:8444/ZiFDB/,NO
